,HPCP,DATE
0,0,2013-01-01
1,0,2013-01-06
2,0,2013-01-06
3,0,2013-01-06
4,1,2013-01-06
5,1,2013-01-06
6,1,2013-01-06
7,1,2013-01-06
8,0,2013-01-06
9,1,2013-01-06
10,0,2013-01-07
11,1,2013-01-07
12,1,2013-01-10
13,1,2013-01-10
14,1,2013-01-10
15,0,2013-01-24
16,0,2013-01-24
17,0,2013-01-24
18,0,2013-01-24
19,0,2013-01-24
20,0,2013-01-24
21,0,2013-01-24
22,0,2013-01-24
23,0,2013-01-25
24,0,2013-01-25
25,0,2013-01-25
26,1,2013-01-25
27,1,2013-01-25
28,1,2013-01-25
29,1,2013-01-25
30,1,2013-01-25
31,1,2013-01-25
32,1,2013-01-25
33,1,2013-01-25
34,1,2013-01-25
35,1,2013-01-25
36,1,2013-01-25
37,1,2013-01-25
38,1,2013-01-25
39,1,2013-01-25
40,1,2013-01-25
41,1,2013-01-25
42,1,2013-01-25
43,1,2013-01-25
44,1,2013-01-26
45,1,2013-01-26
46,1,2013-01-26
47,1,2013-01-26
48,1,2013-01-26
49,1,2013-01-26
50,0,2013-01-26
51,1,2013-01-26
52,1,2013-01-26
53,1,2013-01-27
54,0,2013-01-28
55,0,2013-02-01
56,0,2013-02-02
57,0,2013-02-02
58,0,2013-02-03
59,0,2013-02-03
60,0,2013-02-03
61,0,2013-02-03
62,0,2013-02-08
63,0,2013-02-08
64,1,2013-02-08
65,0,2013-02-08
66,1,2013-02-08
67,1,2013-02-08
68,0,2013-02-08
69,1,2013-02-08
70,1,2013-02-08
71,1,2013-02-08
72,0,2013-02-08
73,0,2013-02-08
74,1,2013-02-08
75,1,2013-02-09
76,0,2013-02-09
77,0,2013-02-09
78,0,2013-02-09
79,0,2013-02-10
80,0,2013-02-10
81,0,2013-02-19
82,0,2013-02-19
83,1,2013-02-19
84,0,2013-02-19
85,0,2013-02-19
86,0,2013-02-19
87,1,2013-02-19
88,1,2013-02-20
89,1,2013-02-20
90,0,2013-02-20
91,0,2013-02-20
92,0,2013-02-20
93,1,2013-02-21
94,0,2013-02-21
95,0,2013-03-01
96,0,2013-03-07
97,0,2013-03-07
98,0,2013-03-07
99,0,2013-03-07
100,1,2013-03-07
101,1,2013-03-08
102,1,2013-03-08
103,0,2013-03-08
104,0,2013-03-08
105,1,2013-03-08
106,1,2013-03-08
107,0,2013-03-08
108,0,2013-03-08
109,0,2013-03-08
110,1,2013-03-08
111,1,2013-03-08
112,0,2013-03-08
113,1,2013-03-08
114,0,2013-03-08
115,0,2013-03-08
116,1,2013-03-08
117,1,2013-03-08
118,1,2013-03-08
119,1,2013-03-09
120,0,2013-03-09
121,0,2013-03-09
122,0,2013-03-09
123,0,2013-03-09
124,0,2013-04-01
125,0,2013-04-01
126,0,2013-04-01
127,0,2013-04-01
128,0,2013-04-02
129,0,2013-04-02
130,0,2013-04-05
131,0,2013-04-05
132,0,2013-04-08
133,0,2013-04-08
134,0,2013-04-08
135,0,2013-04-08
136,0,2013-04-14
137,0,2013-04-14
138,0,2013-04-14
139,0,2013-04-14
140,0,2013-04-14
141,0,2013-04-15
142,0,2013-04-15
143,0,2013-04-15
144,1,2013-04-15
145,0,2013-04-15
146,0,2013-04-15
147,0,2013-04-25
148,0,2013-04-25
149,0,2013-05-01
150,0,2013-05-05
151,0,2013-05-05
152,0,2013-05-05
153,1,2013-05-05
154,1,2013-05-05
155,0,2013-05-05
156,0,2013-05-06
157,0,2013-05-06
158,0,2013-05-06
159,1,2013-05-06
160,1,2013-05-06
161,1,2013-05-06
162,1,2013-05-06
163,0,2013-05-06
164,1,2013-05-06
165,1,2013-05-06
166,0,2013-05-06
167,0,2013-05-06
168,1,2013-05-06
169,1,2013-05-07
170,0,2013-05-07
171,1,2013-06-01
172,1,2013-07-01
173,0,2013-07-01
174,0,2013-07-10
175,0,2013-07-11
176,1,2013-07-11
177,1,2013-07-11
178,1,2013-07-11
179,1,2013-07-11
180,0,2013-07-11
181,0,2013-07-11
182,0,2013-07-21
183,0,2013-07-26
184,1,2013-07-26
185,0,2013-07-26
186,0,2013-07-26
187,0,2013-08-01
188,0,2013-08-26
189,0,2013-08-26
190,0,2013-09-01
191,0,2013-09-06
192,0,2013-10-01
193,0,2013-10-09
194,1,2013-10-09
195,1,2013-10-09
196,1,2013-10-09
197,0,2013-10-09
198,0,2013-10-09
199,1,2013-10-09
200,0,2013-10-09
201,0,2013-10-09
202,0,2013-10-10
203,0,2013-10-10
204,0,2013-10-28
205,0,2013-10-28
206,0,2013-10-28
207,0,2013-10-28
208,1,2013-10-28
209,0,2013-10-28
210,0,2013-10-28
211,1,2013-10-28
212,0,2013-10-29
213,0,2013-10-29
214,1,2013-10-29
215,1,2013-10-29
216,0,2013-10-29
217,1,2013-10-29
218,0,2013-11-01
219,0,2013-11-04
220,0,2013-11-04
221,0,2013-11-15
222,1,2013-11-16
223,0,2013-11-16
224,0,2013-11-20
225,0,2013-11-20
226,0,2013-11-20
227,0,2013-11-21
228,1,2013-11-21
229,1,2013-11-21
230,0,2013-11-21
231,1,2013-11-21
232,0,2013-11-21
233,0,2013-11-21
234,1,2013-11-21
235,0,2013-11-21
236,0,2013-11-21
237,0,2013-11-21
238,1,2013-11-21
239,1,2013-11-21
240,1,2013-11-21
241,0,2013-11-22
242,1,2013-11-22
243,1,2013-11-22
244,0,2013-11-22
245,0,2013-11-22
246,0,2013-11-22
247,0,2013-11-22
248,0,2013-11-29
249,0,2013-11-29
250,0,2013-11-29
251,0,2013-11-29
252,0,2013-11-29
253,1,2013-11-29
254,0,2013-11-29
255,0,2013-11-29
256,0,2013-11-29
257,0,2013-11-29
258,0,2013-11-29
259,0,2013-12-01
260,0,2013-12-03
261,0,2013-12-03
262,0,2013-12-03
263,1,2013-12-03
264,0,2013-12-05
265,0,2013-12-05
266,1,2013-12-05
267,0,2013-12-05
268,0,2013-12-05
269,0,2013-12-05
270,0,2013-12-07
271,0,2013-12-07
272,0,2013-12-07
273,0,2013-12-07
274,1,2013-12-07
275,1,2013-12-07
276,1,2013-12-07
277,0,2013-12-19
278,0,2013-12-19
279,0,2013-12-19
280,0,2013-12-19
281,0,2013-12-19
282,1,2013-12-19
283,0,2013-12-19
284,0,2013-12-19
285,1,2013-12-19
286,0,2013-12-19
287,0,2013-12-19
288,1,2013-12-19
289,0,2013-12-19
